3.49E-05,0.062566952,0.001393106
3.50E-05,0.062737637,0.001397025
3.51E-05,0.062925635,0.001401343
3.52E-05,0.063131248,0.001406065
3.53E-05,0.063354805,0.001411198
3.54E-05,0.06359667,0.001416753
3.55E-05,0.06385724,0.001422737
3.57E-05,0.064136949,0.001429161
3.58E-05,0.064436268,0.001436034
3.60E-05,0.064755705,0.001443371
3.62E-05,0.065095814,0.001451181
3.63E-05,0.065457191,0.001459481
3.65E-05,0.065840479,0.001468283
3.67E-05,0.066246373,0.001477605
3.70E-05,0.06667562,0.001487464
3.72E-05,0.067129024,0.001497877
3.74E-05,0.067607453,0.001508865
3.77E-05,0.068111837,0.001520449
3.79E-05,0.06864318,0.001532653
3.82E-05,0.06920256,0.001545501
3.85E-05,0.06979114,0.001559019
3.88E-05,0.07041017,0.001573238
3.92E-05,0.071060998,0.001588186
3.95E-05,0.071745074,0.001603899
3.99E-05,0.072463965,0.001620411
4.02E-05,0.073219361,0.001637762
4.06E-05,0.074013088,0.001655994
4.11E-05,0.07484712,0.001675152
4.15E-05,0.075723593,0.001695285
4.20E-05,0.076644822,0.001716446
4.25E-05,0.077613318,0.001738693
4.30E-05,0.078631809,0.00176209
4.35E-05,0.079703262,0.001786703
4.41E-05,0.080830909,0.001812607
4.47E-05,0.082018276,0.001839884
4.53E-05,0.083269217,0.001868621
4.59E-05,0.084587952,0.001898917
4.66E-05,0.085979106,0.001930876
4.74E-05,0.087447767,0.001964617
4.82E-05,0.088999533,0.002000268
4.90E-05,0.090640586,0.00203797
4.99E-05,0.092377764,0.002077881
5.08E-05,0.094218652,0.002120176
5.18E-05,0.096171681,0.002165048
5.29E-05,0.098246256,0.002212713
5.40E-05,0.10045289,0.002263414
5.52E-05,0.10280338,0.00231742
5.65E-05,0.105311,0.002375038
5.78E-05,0.10799076,0.002436611
5.93E-05,0.11085964,0.002502532
6.09E-05,0.11393701,0.002573244
6.26E-05,0.11724499,0.002649256
6.44E-05,0.12080899,0.002731152
6.63E-05,0.12465833,0.002819606
6.84E-05,0.12882704,0.002915401
7.07E-05,0.13335482,0.003019448
7.33E-05,0.13828828,0.003132819
7.60E-05,0.14368251,0.00325678
7.90E-05,0.1496031,0.00339284
8.23E-05,0.15612877,0.003542806
8.60E-05,0.16335483,0.00370887
9.01E-05,0.17139773,0.003893709
9.47E-05,0.18040138,0.00410063
9.98E-05,0.19054562,0.004333766
0.000105692,0.20205825,0.004598354
0.000112392,0.21523215,0.004901125
0.000120131,0.23045024,0.005250881
0.000129169,0.24822299,0.005659354
0.00013986,0.26924629,0.006142541
0.000152698,0.294494,0.006722823
0.0001684,0.32537194,0.007432515
0.000188035,0.36398697,0.008320042
0.000213285,0.41364547,0.009461401
0.000246946,0.47984651,0.010982989
0.000294032,0.57245428,0.013111536
0.000364513,0.71107606,0.016297722
0.000481362,0.94090127,0.021580251
0.000711435,1.3934418,0.031982058
0.001351432,2.6524168,0.060921135
0.003683532,7.24467,0.16651639
0.001293144,2.5487101,0.058623875
0.000679555,1.3422388,0.030896059
0.000455375,0.90140493,0.020764236
0.000340674,0.67584422,0.015580052
0.000271199,0.53922205,0.012439981
0.000224661,0.44770295,0.010336544
0.000191328,0.38215497,0.008830021
0.000166289,0.33291504,0.00769832
0.000146795,0.29458088,0.006817278
0.000131191,0.26389735,0.006112078
0.000118421,0.23878675,0.005534966
0.000107778,0.21786083,0.005054036
9.88E-05,0.20015686,0.00464716
9.11E-05,0.18498623,0.004298511
8.44E-05,0.17184342,0.00399647
7.85E-05,0.16034895,0.003732316
7.34E-05,0.15021244,0.003499373
6.88E-05,0.14120785,0.003292447
6.47E-05,0.13315669,0.003107435
6.10E-05,0.12591606,0.002941053
5.77E-05,0.11937026,0.002790641
5.47E-05,0.11342459,0.002654024
5.19E-05,0.10800079,0.002529401
4.94E-05,0.10303363,0.002415275
4.70E-05,0.0984683,0.002310385
4.49E-05,0.094258429,0.002213665
4.29E-05,0.090364494,0.002124207
4.11E-05,0.086752618,0.002041233
3.94E-05,0.083393595,0.001964071
3.78E-05,0.080262107,0.001892139
3.63E-05,0.077336103,0.00182493
3.49E-05,0.074596285,0.001762001
3.36E-05,0.072025696,0.001702962
3.23E-05,0.069609369,0.001647469
3.12E-05,0.067334052,0.001595218
3.01E-05,0.06518796,0.001545938
2.91E-05,0.063160586,0.001499386
2.81E-05,0.061242526,0.001455348
2.72E-05,0.059425343,0.001413628
2.63E-05,0.057701442,0.001374053
2.54E-05,0.056063969,0.001336465
2.46E-05,0.054506725,0.001300722
2.39E-05,0.053024085,0.001266694
2.32E-05,0.051610938,0.001234264
2.25E-05,0.050262627,0.001203324
2.18E-05,0.048974898,0.001173778
2.12E-05,0.047743863,0.001145535
2.06E-05,0.046565956,0.001118514
2.00E-05,0.045437902,0.001092639
1.95E-05,0.044356691,0.001067841
1.89E-05,0.043319545,0.001044057
1.84E-05,0.042323904,0.001021228
1.79E-05,0.0413674,0.000999298
1.75E-05,0.04044784,0.000978219
1.70E-05,0.039563192,0.000957942
1.66E-05,0.038711568,0.000938426
1.62E-05,0.037891214,0.000919628
1.57E-05,0.037100496,0.000901513
1.54E-05,0.036337893,0.000884045
1.50E-05,0.035601983,0.000867191
1.47E-05,0.03489144,0.000850921
1.43E-05,0.034205022,0.000835206
1.40E-05,0.033541567,0.00082002
1.37E-05,0.032899985,0.000805338
1.34E-05,0.032279255,0.000791136
1.31E-05,0.031678415,0.000777392
1.28E-05,0.031096565,0.000764087
1.25E-05,0.030532853,0.000751199
1.22E-05,0.029986481,0.000738712
1.20E-05,0.029456694,0.000726607
1.17E-05,0.028942782,0.000714869
1.14E-05,0.028444072,0.000703483
1.12E-05,0.02795993,0.000692434
1.10E-05,0.027489756,0.000681708
1.07E-05,0.027032982,0.000671294
1.05E-05,0.026589069,0.00066118
1.03E-05,0.026157508,0.000651355
1.01E-05,0.025737815,0.000641808
9.84E-06,0.025329531,0.000632531
9.63E-06,0.02493222,0.000623518
9.41E-06,0.024545469,0.000614761
9.20E-06,0.024168882,0.000606257
8.97E-06,0.023802086,0.000598008
8.74E-06,0.023444723,0.000590022
8.48E-06,0.023096453,0.000582318
8.18E-06,0.022756953,0.000574925
7.90E-06,0.022425913,0.000567724
8.25E-06,0.022103043,0.000559112
3.64E-05,0.021788061,0.000552951
3.39E-05,0.021480687,0.000545847
2.56E-05,0.02118067,0.000538642
1.97E-05,0.020887767,0.000531714
1.57E-05,0.020601741,0.000525031
1.29E-05,0.020322367,0.000518557
1.09E-05,0.020049432,0.000512265
9.33E-06,0.019782727,0.000506139
8.95E-06,0.019522055,0.000500169
8.69E-06,0.019267227,0.000494344
8.48E-06,0.01901806,0.000488658
8.30E-06,0.018774381,0.000483105
8.14E-06,0.018536021,0.00047768
7.99E-06,0.01830282,0.000472377
7.86E-06,0.018074624,0.000467194
7.74E-06,0.017851283,0.000462124
7.62E-06,0.017632655,0.000457166
7.52E-06,0.017418603,0.000452316
7.41E-06,0.017208994,0.000447569
7.32E-06,0.017003701,0.000442924
7.23E-06,0.016802602,0.000438377
7.14E-06,0.016605578,0.000433925
7.05E-06,0.016412517,0.000429565
6.97E-06,0.016223308,0.000425296
6.89E-06,0.016037847,0.000421113
6.82E-06,0.01585603,0.000417016
6.75E-06,0.01567776,0.000413001
6.68E-06,0.015502942,0.000409067
6.61E-06,0.015331485,0.000405211
6.54E-06,0.0151633,0.000401432
6.48E-06,0.014998302,0.000397726
6.42E-06,0.014836408,0.000394093
6.36E-06,0.014677539,0.000390531
6.30E-06,0.014521617,0.000387037
6.25E-06,0.014368569,0.00038361
6.20E-06,0.014218322,0.000380248
6.15E-06,0.014070807,0.000376951
6.10E-06,0.013925955,0.000373715
6.05E-06,0.013783703,0.00037054
6.00E-06,0.013643986,0.000367424
5.95E-06,0.013506743,0.000364366
5.91E-06,0.013371916,0.000361364
5.86E-06,0.013239446,0.000358417
5.82E-06,0.013109279,0.000355524
5.78E-06,0.01298136,0.000352684
5.74E-06,0.012855636,0.000349895
5.70E-06,0.012732058,0.000347156
5.66E-06,0.012610576,0.000344466
5.62E-06,0.012491143,0.000341825
5.58E-06,0.012373711,0.00033923
5.54E-06,0.012258237,0.000336681
5.51E-06,0.012144676,0.000334177
5.47E-06,0.012032986,0.000331717
5.44E-06,0.011923127,0.000329299
5.40E-06,0.011815058,0.000326924
5.37E-06,0.011708739,0.00032459
5.34E-06,0.011604135,0.000322297
5.32E-06,0.011501208,0.000320042
5.29E-06,0.011399922,0.000317827
5.26E-06,0.011300243,0.000315649
5.23E-06,0.011202136,0.000313509
5.21E-06,0.011105571,0.000311404
5.18E-06,0.011010514,0.000309336
5.15E-06,0.010916934,0.000307302
5.13E-06,0.010824802,0.000305303
5.11E-06,0.010734088,0.000303337
5.08E-06,0.010644763,0.000301404
5.06E-06,0.0105568,0.000299503
5.04E-06,0.010470172,0.000297634
5.01E-06,0.010384852,0.000295796
4.99E-06,0.010300815,0.000293989
4.97E-06,0.010218035,0.000292212
4.95E-06,0.010136489,0.000290463
4.93E-06,0.010056152,0.000288744
4.91E-06,0.009977002,0.000287053
4.89E-06,0.009899015,0.00028539
4.87E-06,0.00982217,0.000283754
4.85E-06,0.009746446,0.000282145
4.83E-06,0.009671821,0.000280563
4.81E-06,0.009598276,0.000279007
4.80E-06,0.009525789,0.000277477
4.78E-06,0.009454343,0.000275972
4.76E-06,0.009383918,0.000274491
4.75E-06,0.009314495,0.000273034
4.73E-06,0.009246057,0.000271601
4.72E-06,0.009178586,0.000270191
4.71E-06,0.009112065,0.000268805
4.69E-06,0.009046477,0.000267441
4.68E-06,0.008981806,0.000266099
4.67E-06,0.008918035,0.000264779
4.65E-06,0.00885515,0.000263481
4.64E-06,0.008793135,0.000262204
4.63E-06,0.008731975,0.000260947
4.62E-06,0.008671656,0.000259712
4.61E-06,0.008612164,0.000258496
4.60E-06,0.008553484,0.000257301
4.59E-06,0.008495603,0.000256125
4.58E-06,0.008438508,0.000254968
4.57E-06,0.008382187,0.000253831
4.56E-06,0.008326625,0.000252712
4.55E-06,0.008271812,0.000251612
4.54E-06,0.008217735,0.00025053
4.53E-06,0.008164382,0.000249466
4.52E-06,0.008111741,0.00024842
4.51E-06,0.008059802,0.000247392
4.51E-06,0.008008554,0.00024638
4.50E-06,0.007957985,0.000245386
4.49E-06,0.007908085,0.000244409
4.48E-06,0.007858844,0.000243448
4.48E-06,0.007810251,0.000242503
4.47E-06,0.007762298,0.000241575
4.46E-06,0.007714973,0.000240662
4.46E-06,0.007668268,0.000239766
4.45E-06,0.007622174,0.000238885
4.44E-06,0.007576681,0.000238019
4.44E-06,0.007531781,0.000237168
4.43E-06,0.007487465,0.000236333
4.43E-06,0.007443725,0.000235512
4.42E-06,0.007400551,0.000234706
4.42E-06,0.007357937,0.000233915
4.41E-06,0.007315874,0.000233137
4.41E-06,0.007274354,0.000232374
4.41E-06,0.007233371,0.000231625
4.40E-06,0.007192916,0.00023089
4.40E-06,0.007152981,0.000230168
4.40E-06,0.007113561,0.00022946
4.40E-06,0.007074648,0.000228766
4.39E-06,0.007036235,0.000228085
4.39E-06,0.006998316,0.000227417
4.39E-06,0.006960884,0.000226762
4.39E-06,0.006923932,0.000226119
4.39E-06,0.006887455,0.00022549
4.39E-06,0.006851446,0.000224873
4.39E-06,0.006815899,0.000224269
4.39E-06,0.006780808,0.000223677
4.39E-06,0.006746168,0.000223098
4.39E-06,0.006711973,0.000222531
4.39E-06,0.006678217,0.000221976
4.39E-06,0.006644895,0.000221433
4.39E-06,0.006612002,0.000220902
4.39E-06,0.006579533,0.000220382
4.39E-06,0.006547482,0.000219875
4.39E-06,0.006515844,0.000219379
4.39E-06,0.006484615,0.000218894
4.40E-06,0.006453791,0.000218422
4.40E-06,0.006423365,0.00021796
4.40E-06,0.006393335,0.00021751
4.40E-06,0.006363694,0.000217071
4.40E-06,0.00633444,0.000216643
4.41E-06,0.006305567,0.000216227
4.41E-06,0.006277072,0.000215821
4.41E-06,0.006248951,0.000215427
4.41E-06,0.006221199,0.000215043
4.42E-06,0.006193812,0.00021467
4.42E-06,0.006166788,0.000214308
4.42E-06,0.006140122,0.000213957
4.43E-06,0.00611381,0.000213617
4.43E-06,0.006087849,0.000213287
4.44E-06,0.006062235,0.000212968
4.44E-06,0.006036966,0.000212659
4.44E-06,0.006012038,0.000212361
4.45E-06,0.005987447,0.000212074
4.45E-06,0.00596319,0.000211797
4.46E-06,0.005939265,0.00021153
4.46E-06,0.005915668,0.000211274
4.47E-06,0.005892396,0.000211028
4.47E-06,0.005869448,0.000210792
4.48E-06,0.005846818,0.000210567
4.49E-06,0.005824506,0.000210352
4.49E-06,0.005802509,0.000210148
4.50E-06,0.005780823,0.000209954
4.51E-06,0.005759446,0.00020977
4.51E-06,0.005738377,0.000209596
4.52E-06,0.005717612,0.000209432
4.53E-06,0.005697149,0.000209279
4.54E-06,0.005676987,0.000209136
4.54E-06,0.005657122,0.000209003
4.55E-06,0.005637553,0.000208881
4.56E-06,0.005618278,0.000208768
4.57E-06,0.005599294,0.000208666
4.58E-06,0.005580601,0.000208575
4.59E-06,0.005562195,0.000208493
4.60E-06,0.005544076,0.000208422
4.61E-06,0.005526241,0.000208361
4.62E-06,0.005508689,0.00020831
4.63E-06,0.005491418,0.00020827
4.64E-06,0.005474428,0.00020824
4.66E-06,0.005457715,0.00020822
4.67E-06,0.005441279,0.000208211
4.68E-06,0.005425119,0.000208213
4.69E-06,0.005409233,0.000208225
4.70E-06,0.00539362,0.000208247
4.71E-06,0.005378279,0.00020828
4.73E-06,0.005363208,0.000208324
4.74E-06,0.005348408,0.000208378
4.75E-06,0.005333876,0.000208443
4.77E-06,0.005319612,0.000208519
4.78E-06,0.005305615,0.000208605
4.79E-06,0.005291884,0.000208703
4.81E-06,0.005278418,0.000208811
4.82E-06,0.005265218,0.00020893
4.84E-06,0.005252281,0.000209061
4.85E-06,0.005239608,0.000209202
4.87E-06,0.005227198,0.000209355
4.88E-06,0.005215051,0.00020952
4.90E-06,0.005203167,0.000209695
4.91E-06,0.005191544,0.000209882
4.93E-06,0.005180183,0.000210081
4.95E-06,0.005169085,0.000210291
4.96E-06,0.005158247,0.000210513
4.98E-06,0.005147672,0.000210747
5.00E-06,0.005137358,0.000210993
5.01E-06,0.005127305,0.000211251
5.03E-06,0.005117515,0.000211521
5.05E-06,0.005107987,0.000211803
5.07E-06,0.005098722,0.000212098
5.09E-06,0.005089719,0.000212406
5.11E-06,0.00508098,0.000212726
5.13E-06,0.005072505,0.000213059
5.15E-06,0.005064295,0.000213405
5.17E-06,0.00505635,0.000213764
5.19E-06,0.005048671,0.000214136
5.21E-06,0.005041259,0.000214522
5.23E-06,0.005034115,0.000214921
5.25E-06,0.00502724,0.000215334
5.27E-06,0.005020635,0.000215761
5.29E-06,0.005014301,0.000216202
5.32E-06,0.00500824,0.000216657
5.34E-06,0.005002453,0.000217127
5.36E-06,0.004996941,0.000217611
5.39E-06,0.004991707,0.000218111
5.41E-06,0.004986751,0.000218625
5.44E-06,0.004982076,0.000219155
5.46E-06,0.004977683,0.0002197
5.49E-06,0.004973574,0.000220261
5.51E-06,0.004969752,0.000220838
5.54E-06,0.004966219,0.000221432
5.57E-06,0.004962976,0.000222042
5.59E-06,0.004960027,0.000222668
5.62E-06,0.004957374,0.000223312
5.65E-06,0.004955019,0.000223973
5.68E-06,0.004952966,0.000224651
5.71E-06,0.004951217,0.000225348
5.74E-06,0.004949776,0.000226063
5.77E-06,0.004948646,0.000226796
5.80E-06,0.004947829,0.000227548
5.83E-06,0.00494733,0.00022832
5.86E-06,0.004947152,0.000229111
5.90E-06,0.004947299,0.000229922
5.93E-06,0.004947776,0.000230753
5.97E-06,0.004948585,0.000231605
6.00E-06,0.004949732,0.000232478
6.04E-06,0.00495122,0.000233373
6.07E-06,0.004953056,0.00023429
6.11E-06,0.004955243,0.000235229
6.15E-06,0.004957787,0.000236191
6.19E-06,0.004960692,0.000237177
6.23E-06,0.004963965,0.000238186
6.27E-06,0.004967612,0.00023922
6.31E-06,0.004971638,0.000240279
6.35E-06,0.004976049,0.000241363
6.40E-06,0.004980852,0.000242473
6.44E-06,0.004986053,0.00024361
6.48E-06,0.004991661,0.000244774
6.53E-06,0.004997681,0.000245967
6.58E-06,0.005004122,0.000247187
6.62E-06,0.005010991,0.000248437
6.67E-06,0.005018297,0.000249717
6.72E-06,0.005026049,0.000251028
6.77E-06,0.005034254,0.00025237
6.82E-06,0.005042923,0.000253744
6.87E-06,0.005052065,0.000255151
6.93E-06,0.00506169,0.000256592
6.98E-06,0.005071809,0.000258068
7.04E-06,0.005082432,0.00025958
7.09E-06,0.005093571,0.000261129
7.15E-06,0.005105238,0.000262715
7.21E-06,0.005117445,0.000264339
7.27E-06,0.005130205,0.000266004
7.33E-06,0.005143531,0.000267709
7.39E-06,0.005157437,0.000269457
7.46E-06,0.005171939,0.000271248
7.52E-06,0.00518705,0.000273083
7.59E-06,0.005202787,0.000274964
7.66E-06,0.005219167,0.000276893
7.73E-06,0.005236207,0.00027887
7.80E-06,0.005253924,0.000280897
7.87E-06,0.005272339,0.000282976
7.94E-06,0.00529147,0.000285108
8.02E-06,0.005311338,0.000287295
8.10E-06,0.005331965,0.000289539
8.18E-06,0.005353374,0.000291842
8.26E-06,0.005375588,0.000294205
8.34E-06,0.005398631,0.000296631
8.43E-06,0.005422531,0.000299122
8.52E-06,0.005447314,0.00030168
8.61E-06,0.005473008,0.000304307
8.70E-06,0.005499644,0.000307006
8.80E-06,0.005527253,0.000309779
8.89E-06,0.005555868,0.000312629
8.99E-06,0.005585524,0.000315559
9.09E-06,0.005616257,0.000318571
9.20E-06,0.005648106,0.00032167
9.31E-06,0.005681111,0.000324858
9.42E-06,0.005715314,0.000328139
9.53E-06,0.00575076,0.000331515
9.65E-06,0.005787497,0.000334993
9.77E-06,0.005825574,0.000338574
9.89E-06,0.005865044,0.000342263
1.00E-05,0.005905961,0.000346066
1.02E-05,0.005948386,0.000349986
1.03E-05,0.00599238,0.00035403
1.04E-05,0.006038008,0.000358201
1.06E-05,0.00608534,0.000362506
1.07E-05,0.006134449,0.00036695
1.09E-05,0.006185415,0.000371541
1.10E-05,0.006238318,0.000376285
1.12E-05,0.006293249,0.000381188
1.14E-05,0.0063503,0.000386259
1.15E-05,0.006409571,0.000391505
1.17E-05,0.006471168,0.000396936
1.19E-05,0.006535204,0.00040256
1.21E-05,0.006601801,0.000408387
1.23E-05,0.006671085,0.000414428
1.25E-05,0.006743196,0.000420694
1.27E-05,0.006818281,0.000427196
1.29E-05,0.006896498,0.000433948
1.32E-05,0.006978015,0.000440963
1.34E-05,0.007063014,0.000448257
1.37E-05,0.007151691,0.000455844
1.39E-05,0.007244254,0.000463743
1.42E-05,0.007340931,0.00047197
1.45E-05,0.007441965,0.000480547
1.48E-05,0.007547618,0.000489495
1.51E-05,0.007658175,0.000498837
1.54E-05,0.007773943,0.000508597
1.57E-05,0.007895255,0.000518803
1.61E-05,0.008022472,0.000529485
1.64E-05,0.008155987,0.000540674
1.68E-05,0.008296227,0.000552405
1.72E-05,0.008443655,0.000564717
1.76E-05,0.008598779,0.000577651
1.81E-05,0.008762152,0.000591252
1.86E-05,0.008934378,0.000605569
1.90E-05,0.009116119,0.000620658
1.96E-05,0.009308101,0.000636577
2.01E-05,0.009511119,0.000653392
2.07E-05,0.009726048,0.000671175
2.13E-05,0.009953847,0.000690006
2.20E-05,0.010195575,0.000709971
2.27E-05,0.010452394,0.000731168
2.34E-05,0.010725585,0.000753702
2.42E-05,0.011016559,0.00077769
2.50E-05,0.011326865,0.000803263
2.59E-05,0.011658209,0.000830562
2.69E-05,0.012012456,0.000859744
2.79E-05,0.012391648,0.000890981
2.90E-05,0.012797999,0.000924461
3.02E-05,0.0132339,0.000960388
3.14E-05,0.013701899,0.000998981
3.28E-05,0.014204673,0.001040472
3.42E-05,0.014744962,0.001085101
3.58E-05,0.015325472,0.001133113
3.75E-05,0.01594871,0.00118474
3.93E-05,0.016616735,0.001240184
4.13E-05,0.017330789,0.001299592
4.34E-05,0.018090755,0.001363009
4.56E-05,0.018894412,0.001430323
4.79E-05,0.019736423,0.001501181
5.04E-05,0.020607059,0.001574888
5.28E-05,0.021490697,0.001650283
5.53E-05,0.022364312,0.001725611
5.78E-05,0.023196359,0.001798424
6.00E-05,0.023946757,0.00186556
6.20E-05,0.02456884,0.00192328
6.35E-05,0.02501399,0.001967622
6.45E-05,0.025238911,0.001994966
6.48E-05,0.025214093,0.002002718
6.45E-05,0.024930776,0.00198989
6.36E-05,0.024403554,0.00195735
6.20E-05,0.0236674,0.001907628
6.01E-05,0.022770315,0.001844359
5.78E-05,0.021764496,0.001771591
5.53E-05,0.02069886,0.001693189
5.28E-05,0.019614398,0.001612439
5.02E-05,0.018542414,0.001531898
4.77E-05,0.017504838,0.00145339
4.53E-05,0.016515652,0.001378116
4.30E-05,0.015582668,0.001306783
4.09E-05,0.014709229,0.001239734
3.89E-05,0.013895627,0.001177063
3.70E-05,0.013140185,0.001118694
3.52E-05,0.012440046,0.001064451
3.36E-05,0.011791722,0.0010141
3.21E-05,0.011191462,0.000967376
3.07E-05,0.010635483,0.00092401
2.94E-05,0.010120119,0.000883735
2.82E-05,0.009641903,0.000846294
2.71E-05,0.009197608,0.00081145
2.60E-05,0.008784268,0.00077898
2.51E-05,0.00839917,0.000748681
2.42E-05,0.008039852,0.000720367
2.33E-05,0.007704084,0.00069387
2.25E-05,0.007389849,0.000669037
2.17E-05,0.007095329,0.000645728
2.10E-05,0.006818881,0.00062382
2.04E-05,0.006559024,0.000603198
1.97E-05,0.00631442,0.000583761
1.91E-05,0.006083861,0.000565416
1.86E-05,0.005866254,0.000548077
1.80E-05,0.005660608,0.000531671
1.75E-05,0.005466028,0.000516127
1.71E-05,0.005281697,0.000501382
1.66E-05,0.005106876,0.000487379
1.72E-05,0.004965714,0.000475009
1.68E-05,0.004850229,0.000462339
1.64E-05,0.004740055,0.000450269
1.60E-05,0.004634842,0.000438758
1.56E-05,0.00453427,0.00042777
1.52E-05,0.004438045,0.000417271
1.49E-05,0.004345895,0.000407231
1.45E-05,0.004257571,0.000397621
1.42E-05,0.004172844,0.000388415
1.39E-05,0.0040915,0.000379589
1.36E-05,0.004013343,0.000371121
1.33E-05,0.003938191,0.00036299
1.30E-05,0.003865876,0.000355177
1.28E-05,0.003796241,0.000347665
1.25E-05,0.003729141,0.000340436
1.23E-05,0.003664439,0.000333477
1.20E-05,0.003602011,0.000326771
1.18E-05,0.003541739,0.000320307
1.16E-05,0.003483513,0.000314071
1.13E-05,0.00342723,0.000308052
1.11E-05,0.003372796,0.00030224
1.09E-05,0.003320119,0.000296624
1.07E-05,0.003269117,0.000291195
1.06E-05,0.003219709,0.000285943
1.04E-05,0.003171823,0.000280861
1.02E-05,0.003125389,0.000275941
1.00E-05,0.00308034,0.000271175
9.86E-06,0.003036617,0.000266556
9.70E-06,0.002994159,0.000262079
9.55E-06,0.002952914,0.000257735
9.39E-06,0.002912828,0.000253521
9.25E-06,0.002873854,0.00024943
9.10E-06,0.002835941,0.000245442
8.96E-06,0.002799053,0.000241583
8.83E-06,0.002763147,0.000237833
8.70E-06,0.002728181,0.000234187
8.57E-06,0.00269412,0.000230641
8.44E-06,0.002660928,0.000227191
8.32E-06,0.002628572,0.000223834
8.20E-06,0.00259702,0.000220566
8.08E-06,0.002566242,0.000217383
7.97E-06,0.00253621,0.000214282
7.86E-06,0.002506895,0.000211261
7.75E-06,0.002478273,0.000208316
7.65E-06,0.002450319,0.000205445
7.55E-06,0.002423008,0.000202644
7.45E-06,0.00239632,0.000199912
7.35E-06,0.002370231,0.000197246
7.25E-06,0.002344722,0.000194644
7.16E-06,0.002319774,0.000192104
7.07E-06,0.002295367,0.000189622
6.98E-06,0.002271928,0.000187199
6.89E-06,0.002249144,0.000184831
6.80E-06,0.002226834,0.000182516
6.72E-06,0.002204985,0.000180254
6.64E-06,0.00218358,0.000178042
6.56E-06,0.002162607,0.000175879
6.48E-06,0.002142053,0.000173763
6.40E-06,0.002121903,0.000171693
6.33E-06,0.002102147,0.000169667
6.25E-06,0.002082772,0.000167684
6.18E-06,0.002063767,0.000165743
6.11E-06,0.002045122,0.000163842
6.04E-06,0.002026825,0.00016198
5.97E-06,0.002008867,0.000160157
5.90E-06,0.001991239,0.00015837
5.84E-06,0.00197393,0.00015662
5.77E-06,0.001956932,0.000154904
5.71E-06,0.001940237,0.000153222
5.65E-06,0.001923836,0.000151573
5.59E-06,0.001907724,0.000149947
5.53E-06,0.001891888,0.000148362
5.47E-06,0.001876322,0.000146806
5.41E-06,0.001861021,0.00014528
5.35E-06,0.001845976,0.000143782
5.30E-06,0.001831182,0.000142313
5.24E-06,0.001816632,0.00014087
5.19E-06,0.00180232,0.000139454
5.13E-06,0.001788239,0.000138064
5.08E-06,0.001774384,0.000136699
5.03E-06,0.00176075,0.000135358
4.98E-06,0.00174733,0.000134041
4.93E-06,0.001734121,0.000132748
4.88E-06,0.001721115,0.000131476
4.83E-06,0.00170831,0.000130227
4.78E-06,0.0016957,0.000129
4.74E-06,0.00168328,0.000127793
4.69E-06,0.001671046,0.000126608
4.65E-06,0.001658993,0.000125442
4.60E-06,0.001647118,0.000124295
4.56E-06,0.001635417,0.000123168
4.51E-06,0.001623884,0.000122059
4.47E-06,0.001612518,0.000120968
4.43E-06,0.001601314,0.000119896
4.39E-06,0.001590268,0.00011884
4.35E-06,0.001579376,0.000117802
4.31E-06,0.001568637,0.00011678
4.27E-06,0.001558046,0.000115774
4.23E-06,0.001547599,0.000114784
4.19E-06,0.001537295,0.00011381
4.15E-06,0.00152713,0.000112851
4.12E-06,0.001517101,0.000111906
4.09E-06,0.001507206,0.000110976
4.06E-06,0.001497441,0.000110061
4.03E-06,0.001487803,0.000109159
4.00E-06,0.001478291,0.000108271
3.97E-06,0.001468902,0.000107396
3.94E-06,0.001459633,0.000106534
3.91E-06,0.001450482,0.000105685
3.89E-06,0.001441446,0.000104848
3.86E-06,0.001432524,0.000104023
3.83E-06,0.001423713,0.000103211
3.80E-06,0.00141501,0.00010241
3.78E-06,0.001406413,0.000101616
3.75E-06,0.001397922,0.000100838
3.73E-06,0.001389534,0.000100071
3.70E-06,0.001381247,9.93E-05
3.68E-06,0.001373059,9.86E-05
3.65E-06,0.001364969,9.78E-05
3.63E-06,0.001356973,9.71E-05
3.60E-06,0.001349071,9.64E-05
3.58E-06,0.001341261,9.57E-05
3.56E-06,0.001333541,9.50E-05
3.54E-06,0.00132591,9.43E-05
3.51E-06,0.001318366,9.36E-05
3.49E-06,0.001310907,9.30E-05
3.47E-06,0.001303532,9.23E-05
3.45E-06,0.00129624,9.17E-05
3.43E-06,0.001289029,9.10E-05
3.40E-06,0.001281897,9.04E-05
3.38E-06,0.001274844,8.98E-05
3.36E-06,0.001267868,8.91E-05
3.34E-06,0.001260967,8.85E-05
3.32E-06,0.001254141,8.79E-05
3.30E-06,0.001247388,8.73E-05
3.28E-06,0.001240707,8.68E-05
3.26E-06,0.00123412,8.62E-05
3.24E-06,0.001227815,8.56E-05
3.22E-06,0.001221574,8.50E-05
3.21E-06,0.001215398,8.45E-05
3.19E-06,0.001209285,8.39E-05
3.17E-06,0.001203233,8.34E-05
3.15E-06,0.001197243,8.29E-05
3.14E-06,0.001191312,8.23E-05
3.12E-06,0.001185441,8.18E-05
3.10E-06,0.001179628,8.13E-05
3.08E-06,0.001173872,8.08E-05
3.07E-06,0.001168172,8.03E-05
3.05E-06,0.001162528,7.98E-05
3.04E-06,0.001156939,7.93E-05
3.02E-06,0.001151403,7.88E-05
3.00E-06,0.001145921,7.83E-05
2.99E-06,0.001140491,7.78E-05
2.97E-06,0.001135112,7.74E-05
2.96E-06,0.001129784,7.69E-05
2.94E-06,0.001124506,7.64E-05
2.93E-06,0.001119277,7.60E-05
2.91E-06,0.001114096,7.55E-05
2.90E-06,0.001108964,7.51E-05
2.89E-06,0.001103879,7.47E-05
2.87E-06,0.00109884,7.42E-05
2.86E-06,0.001093848,7.38E-05
2.84E-06,0.0010889,7.34E-05
2.83E-06,0.001083996,7.30E-05
2.82E-06,0.001079137,7.25E-05
2.80E-06,0.00107432,7.21E-05
2.79E-06,0.001069547,7.17E-05
2.78E-06,0.001064815,7.13E-05
2.76E-06,0.001060125,7.09E-05
2.75E-06,0.001055476,7.05E-05
2.74E-06,0.001050867,7.02E-05
2.72E-06,0.001046298,6.98E-05
2.71E-06,0.001041768,6.94E-05
2.70E-06,0.001037278,6.90E-05
2.69E-06,0.001032825,6.87E-05
2.67E-06,0.00102841,6.83E-05
2.66E-06,0.001024033,6.79E-05
2.65E-06,0.001019692,6.76E-05
2.64E-06,0.001015387,6.72E-05
2.63E-06,0.001011119,6.69E-05
2.62E-06,0.001006885,6.65E-05
2.60E-06,0.001002687,6.62E-05
2.59E-06,0.000998523,6.58E-05
2.58E-06,0.000994393,6.55E-05
2.57E-06,0.000990297,6.52E-05
2.56E-06,0.000986233,6.48E-05
2.55E-06,0.000982203,6.45E-05
2.54E-06,0.000978205,6.42E-05
2.53E-06,0.000974239,6.39E-05
2.52E-06,0.000970304,6.35E-05
2.51E-06,0.000966401,6.32E-05
2.50E-06,0.000962528,6.29E-05
2.49E-06,0.000958686,6.26E-05
2.48E-06,0.000954874,6.23E-05
2.47E-06,0.000951091,6.20E-05
2.46E-06,0.000947338,6.17E-05
2.45E-06,0.000943614,6.14E-05
2.44E-06,0.000939918,6.11E-05
2.43E-06,0.000936251,6.08E-05
2.42E-06,0.000932612,6.05E-05
2.41E-06,0.000929,6.03E-05
2.40E-06,0.000925415,6.00E-05
2.39E-06,0.000921858,5.97E-05
2.38E-06,0.000918327,5.94E-05
2.37E-06,0.000914823,5.92E-05
2.36E-06,0.000911345,5.89E-05
2.35E-06,0.000907892,5.86E-05
2.34E-06,0.000904465,5.84E-05
2.33E-06,0.000901063,5.81E-05
2.33E-06,0.000897686,5.78E-05
2.32E-06,0.000894334,5.76E-05
2.31E-06,0.000891006,5.73E-05
2.30E-06,0.000887702,5.71E-05
2.29E-06,0.000884422,5.68E-05
2.28E-06,0.000881165,5.66E-05
2.27E-06,0.000877932,5.63E-05
2.27E-06,0.000874722,5.61E-05
2.26E-06,0.000871533,5.58E-05
2.25E-06,0.000868368,5.56E-05
2.24E-06,0.000865225,5.54E-05
2.23E-06,0.000862105,5.51E-05
2.23E-06,0.000859006,5.49E-05
2.22E-06,0.000855929,5.47E-05
2.21E-06,0.000852873,5.44E-05
2.20E-06,0.000849839,5.42E-05
2.20E-06,0.000846825,5.40E-05
2.19E-06,0.000843832,5.38E-05
2.18E-06,0.000840859,5.36E-05
2.17E-06,0.000837907,5.33E-05
2.17E-06,0.000834975,5.31E-05
2.16E-06,0.000832062,5.29E-05
2.15E-06,0.000829169,5.27E-05
2.14E-06,0.000826296,5.25E-05
2.14E-06,0.000823442,5.23E-05
2.13E-06,0.000820607,5.21E-05
2.12E-06,0.000817791,5.19E-05
2.12E-06,0.000814993,5.17E-05
2.11E-06,0.000812214,5.15E-05
2.10E-06,0.000809454,5.13E-05
2.10E-06,0.000806711,5.11E-05
2.09E-06,0.000803986,5.09E-05
2.08E-06,0.00080128,5.07E-05
2.08E-06,0.00079859,5.05E-05
2.07E-06,0.000795918,5.03E-05
2.06E-06,0.000793264,5.01E-05
2.06E-06,0.000790626,4.99E-05
2.05E-06,0.000788005,4.97E-05
2.04E-06,0.000785402,4.96E-05
2.04E-06,0.000782856,4.94E-05
2.03E-06,0.000780397,4.92E-05
2.03E-06,0.000777953,4.90E-05
2.02E-06,0.000775525,4.88E-05
2.01E-06,0.000773112,4.87E-05
2.01E-06,0.000770713,4.85E-05
2.00E-06,0.00076833,4.83E-05
2.00E-06,0.000765961,4.82E-05
1.99E-06,0.000763607,4.80E-05
1.98E-06,0.000761267,4.78E-05
1.98E-06,0.000758941,4.76E-05
1.97E-06,0.000756629,4.75E-05
1.97E-06,0.000754332,4.73E-05
1.96E-06,0.000752048,4.72E-05
1.96E-06,0.000749778,4.70E-05
1.95E-06,0.000747522,4.68E-05
1.94E-06,0.000745279,4.67E-05
1.94E-06,0.000743049,4.65E-05
1.93E-06,0.000740833,4.64E-05
1.93E-06,0.00073863,4.62E-05
1.92E-06,0.00073644,4.61E-05
1.92E-06,0.000734263,4.59E-05
1.91E-06,0.000732099,4.58E-05
1.91E-06,0.000729947,4.56E-05
1.90E-06,0.000727808,4.55E-05
1.90E-06,0.000725682,4.53E-05
1.89E-06,0.000723568,4.52E-05
1.89E-06,0.000721466,4.50E-05
1.88E-06,0.000719376,4.49E-05
1.88E-06,0.000717299,4.47E-05
1.87E-06,0.000715233,4.46E-05
1.87E-06,0.000713179,4.45E-05
1.86E-06,0.000711138,4.43E-05
1.86E-06,0.000709108,4.42E-05
1.85E-06,0.00070709,4.40E-05
1.85E-06,0.000705082,4.39E-05
1.84E-06,0.000703087,4.38E-05
1.84E-06,0.000701102,4.36E-05
1.83E-06,0.000699129,4.35E-05
1.83E-06,0.000697167,4.34E-05
1.82E-06,0.000695215,4.32E-05
1.82E-06,0.000693275,4.31E-05
1.82E-06,0.000691346,4.30E-05
1.81E-06,0.000689427,4.29E-05
1.81E-06,0.000687519,4.27E-05
1.80E-06,0.000685622,4.26E-05
1.80E-06,0.000683735,4.25E-05
1.79E-06,0.000681858,4.24E-05
1.79E-06,0.000679992,4.22E-05
1.79E-06,0.000678136,4.21E-05
1.78E-06,0.000676291,4.20E-05
1.78E-06,0.000674455,4.19E-05
1.78E-06,0.00067263,4.18E-05
1.77E-06,0.000670814,4.17E-05
1.77E-06,0.000669008,4.15E-05
1.76E-06,0.000667212,4.14E-05
1.76E-06,0.000665426,4.13E-05
1.76E-06,0.000663649,4.12E-05
1.75E-06,0.000661882,4.11E-05
1.75E-06,0.000660125,4.10E-05
1.75E-06,0.000658377,4.09E-05
1.74E-06,0.000656638,4.08E-05
1.74E-06,0.000654908,4.06E-05
1.74E-06,0.000653188,4.05E-05
1.73E-06,0.000651477,4.04E-05
1.73E-06,0.000649775,4.03E-05
1.73E-06,0.000648082,4.02E-05
1.72E-06,0.000646398,4.01E-05
1.72E-06,0.000644722,4.00E-05
1.72E-06,0.000643056,3.99E-05
1.71E-06,0.000641398,3.98E-05
1.71E-06,0.000639749,3.97E-05
1.71E-06,0.000638109,3.96E-05
1.70E-06,0.000636477,3.95E-05
1.70E-06,0.000634854,3.94E-05
1.70E-06,0.000633239,3.93E-05
1.69E-06,0.000631632,3.92E-05
1.69E-06,0.000630034,3.91E-05
1.69E-06,0.000628444,3.90E-05
1.68E-06,0.000626863,3.89E-05
1.68E-06,0.000625289,3.88E-05
1.68E-06,0.000623724,3.87E-05
1.67E-06,0.000622166,3.86E-05
1.67E-06,0.000620617,3.86E-05
1.67E-06,0.000619075,3.85E-05
1.67E-06,0.000617541,3.84E-05
1.66E-06,0.000616015,3.83E-05
1.66E-06,0.000614497,3.82E-05
1.66E-06,0.000612987,3.81E-05
1.65E-06,0.000611484,3.80E-05
1.65E-06,0.000609988,3.79E-05
1.65E-06,0.000608501,3.78E-05
1.65E-06,0.000607021,3.78E-05
1.64E-06,0.000605548,3.77E-05
1.64E-06,0.000604082,3.76E-05
1.64E-06,0.000602624,3.75E-05
1.64E-06,0.000601174,3.74E-05
1.63E-06,0.00059973,3.73E-05
1.63E-06,0.000598294,3.73E-05
1.63E-06,0.000596865,3.72E-05
1.63E-06,0.000595442,3.71E-05
1.62E-06,0.000594027,3.70E-05
1.62E-06,0.000592619,3.69E-05
1.62E-06,0.000591218,3.69E-05
1.62E-06,0.000589824,3.68E-05
1.61E-06,0.000588437,3.67E-05
1.61E-06,0.000587057,3.66E-05
1.61E-06,0.000585682,3.66E-05
1.61E-06,0.000584315,3.65E-05
1.60E-06,0.000582955,3.64E-05
1.60E-06,0.000581601,3.63E-05
1.60E-06,0.000580254,3.63E-05
1.60E-06,0.000578914,3.62E-05
1.59E-06,0.00057758,3.61E-05
1.59E-06,0.000576253,3.60E-05
1.59E-06,0.000574932,3.60E-05
1.59E-06,0.000573617,3.59E-05
1.59E-06,0.000572309,3.58E-05
1.58E-06,0.000571007,3.58E-05
1.58E-06,0.000569712,3.57E-05
1.58E-06,0.000568422,3.56E-05
1.58E-06,0.000567139,3.56E-05
1.57E-06,0.000565862,3.55E-05
1.57E-06,0.000564591,3.54E-05
1.57E-06,0.000563327,3.54E-05
1.57E-06,0.000562068,3.53E-05
1.57E-06,0.000560815,3.52E-05
1.56E-06,0.000559569,3.52E-05
1.56E-06,0.000558328,3.51E-05
1.56E-06,0.000557093,3.50E-05
1.56E-06,0.000555864,3.50E-05
1.56E-06,0.000554641,3.49E-05
1.55E-06,0.000553424,3.49E-05
1.55E-06,0.000552212,3.48E-05
1.55E-06,0.000551007,3.47E-05
1.55E-06,0.000549807,3.47E-05
1.55E-06,0.000548612,3.46E-05
1.55E-06,0.000547423,3.46E-05
1.54E-06,0.00054624,3.45E-05
1.54E-06,0.000545063,3.44E-05
1.54E-06,0.000543891,3.44E-05
1.54E-06,0.000542724,3.43E-05
1.54E-06,0.000541563,3.43E-05
1.53E-06,0.000540408,3.42E-05
1.53E-06,0.000539257,3.42E-05
1.53E-06,0.000538113,3.41E-05
1.53E-06,0.000536973,3.41E-05
1.53E-06,0.000535839,3.40E-05
1.53E-06,0.00053471,3.39E-05
1.52E-06,0.000533627,3.39E-05
1.52E-06,0.000532572,3.38E-05
1.52E-06,0.000531521,3.38E-05
1.52E-06,0.000530475,3.37E-05
1.52E-06,0.000529434,3.37E-05
1.52E-06,0.000528398,3.36E-05
1.52E-06,0.000527367,3.36E-05
1.51E-06,0.000526341,3.35E-05
1.51E-06,0.000525319,3.35E-05
1.51E-06,0.000524302,3.34E-05
1.51E-06,0.00052329,3.34E-05
1.51E-06,0.000522283,3.33E-05
1.51E-06,0.00052128,3.33E-05
1.51E-06,0.000520283,3.32E-05
1.50E-06,0.000519289,3.32E-05
1.50E-06,0.000518301,3.32E-05
1.50E-06,0.000517317,3.31E-05
1.50E-06,0.000516337,3.31E-05
1.50E-06,0.000515363,3.30E-05
1.50E-06,0.000514392,3.30E-05
1.50E-06,0.000513427,3.29E-05
1.49E-06,0.000512465,3.29E-05
1.49E-06,0.000511509,3.28E-05
1.49E-06,0.000510556,3.28E-05
1.49E-06,0.000509609,3.28E-05
1.49E-06,0.000508665,3.27E-05
1.49E-06,0.000507726,3.27E-05
1.49E-06,0.000506792,3.26E-05
1.49E-06,0.000505861,3.26E-05
1.49E-06,0.000504935,3.26E-05
1.48E-06,0.000504014,3.25E-05
1.48E-06,0.000503096,3.25E-05
1.48E-06,0.000502183,3.24E-05
1.48E-06,0.000501275,3.24E-05
1.48E-06,0.00050037,3.24E-05
1.48E-06,0.00049947,3.23E-05
1.48E-06,0.000498573,3.23E-05
1.48E-06,0.000497682,3.22E-05
1.48E-06,0.000496794,3.22E-05
1.47E-06,0.00049591,3.22E-05
1.47E-06,0.00049503,3.21E-05
1.47E-06,0.000494155,3.21E-05
1.47E-06,0.000493284,3.21E-05
1.47E-06,0.000492416,3.20E-05
1.47E-06,0.000491554,3.20E-05
1.47E-06,0.000490695,3.20E-05
1.47E-06,0.00048984,3.19E-05
1.47E-06,0.000488988,3.19E-05
1.47E-06,0.000488141,3.19E-05
1.47E-06,0.000487298,3.18E-05
1.46E-06,0.000486459,3.18E-05
1.46E-06,0.000485623,3.18E-05
1.46E-06,0.000484792,3.17E-05
1.46E-06,0.000483964,3.17E-05
1.46E-06,0.000483141,3.17E-05
1.46E-06,0.000482321,3.16E-05
1.46E-06,0.000481505,3.16E-05
1.46E-06,0.000480693,3.16E-05
1.46E-06,0.000479885,3.16E-05
1.46E-06,0.00047908,3.15E-05
1.46E-06,0.000478279,3.15E-05
1.46E-06,0.000477482,3.15E-05
1.46E-06,0.000476689,3.14E-05
1.45E-06,0.0004759,3.14E-05
1.45E-06,0.000475114,3.14E-05
1.45E-06,0.000474332,3.14E-05
1.45E-06,0.000473554,3.13E-05
1.45E-06,0.000472779,3.13E-05
1.45E-06,0.000472008,3.13E-05
1.45E-06,0.000471241,3.13E-05
1.45E-06,0.000470477,3.12E-05
1.45E-06,0.000469717,3.12E-05
1.45E-06,0.000468961,3.12E-05
1.45E-06,0.000468208,3.12E-05
1.45E-06,0.000467459,3.11E-05
1.45E-06,0.000466713,3.11E-05
1.44E-06,0.000465971,3.11E-05
1.44E-06,0.000465232,3.11E-05
1.44E-06,0.000464497,3.10E-05
1.44E-06,0.000463766,3.10E-05
1.44E-06,0.000463038,3.10E-05
1.44E-06,0.000462313,3.10E-05
1.44E-06,0.000461592,3.10E-05
1.44E-06,0.000460875,3.09E-05
1.44E-06,0.000460161,3.09E-05
1.44E-06,0.00045945,3.09E-05
1.44E-06,0.000458743,3.09E-05
1.44E-06,0.000458039,3.09E-05
1.44E-06,0.000457339,3.08E-05
1.44E-06,0.000456642,3.08E-05
1.44E-06,0.000455949,3.08E-05
1.44E-06,0.000455258,3.08E-05
1.44E-06,0.000454572,3.08E-05
1.44E-06,0.000453888,3.08E-05
1.44E-06,0.000453208,3.07E-05
1.44E-06,0.000452531,3.07E-05
1.44E-06,0.000451858,3.07E-05
1.43E-06,0.000451188,3.07E-05
1.43E-06,0.000450521,3.07E-05
1.43E-06,0.000449858,3.07E-05
1.43E-06,0.000449197,3.06E-05
1.43E-06,0.000448541,3.06E-05
1.43E-06,0.000447887,3.06E-05
1.43E-06,0.000447236,3.06E-05
1.43E-06,0.000446589,3.06E-05
1.43E-06,0.000445945,3.06E-05
1.43E-06,0.000445305,3.06E-05
1.43E-06,0.000444667,3.06E-05
1.43E-06,0.000444033,3.05E-05
1.43E-06,0.000443402,3.05E-05
1.43E-06,0.000442774,3.05E-05
1.43E-06,0.000442149,3.05E-05
1.43E-06,0.000441528,3.05E-05
1.43E-06,0.000440909,3.05E-05
1.43E-06,0.000440294,3.05E-05
1.43E-06,0.000439682,3.05E-05
1.43E-06,0.000439073,3.05E-05
1.43E-06,0.000438467,3.04E-05
1.43E-06,0.000437865,3.04E-05
1.43E-06,0.000437265,3.04E-05
1.43E-06,0.000436669,3.04E-05
1.43E-06,0.000436075,3.04E-05
1.43E-06,0.000435485,3.04E-05
1.43E-06,0.000434898,3.04E-05
1.43E-06,0.000434314,3.04E-05
1.43E-06,0.000433733,3.04E-05
1.43E-06,0.000433155,3.04E-05
1.43E-06,0.00043258,3.04E-05
1.43E-06,0.000432008,3.04E-05
1.43E-06,0.000431439,3.04E-05
1.43E-06,0.000430874,3.04E-05
1.43E-06,0.000430311,3.04E-05
1.43E-06,0.000429751,3.03E-05
1.43E-06,0.000429195,3.03E-05
1.43E-06,0.000428641,3.03E-05
1.43E-06,0.00042809,3.03E-05
1.43E-06,0.000427542,3.03E-05
1.43E-06,0.000426998,3.03E-05
1.44E-06,0.000426456,3.03E-05
1.44E-06,0.000425917,3.03E-05
1.44E-06,0.000425381,3.03E-05
1.44E-06,0.000424849,3.03E-05
1.44E-06,0.000424319,3.03E-05
1.44E-06,0.000423792,3.03E-05
1.44E-06,0.000423268,3.03E-05
1.44E-06,0.000422746,3.03E-05
1.44E-06,0.000422228,3.03E-05
1.44E-06,0.000421713,3.03E-05
1.44E-06,0.0004212,3.03E-05
1.44E-06,0.000420691,3.03E-05
1.44E-06,0.000420185,3.03E-05
1.44E-06,0.000419681,3.03E-05
1.45E-06,0.000419181,3.03E-05
1.45E-06,0.000418683,3.03E-05
1.45E-06,0.000418189,3.03E-05
1.45E-06,0.000417697,3.03E-05
1.45E-06,0.000417208,3.03E-05
1.45E-06,0.000416722,3.03E-05
1.45E-06,0.000416239,3.04E-05
1.45E-06,0.000415758,3.04E-05
1.45E-06,0.000415281,3.04E-05
1.45E-06,0.000414807,3.04E-05
1.45E-06,0.000414335,3.04E-05
1.45E-06,0.000413866,3.04E-05
1.46E-06,0.0004134,3.04E-05
1.46E-06,0.000412937,3.04E-05
1.46E-06,0.000412477,3.04E-05
1.46E-06,0.00041202,3.04E-05
1.46E-06,0.000411565,3.04E-05
1.46E-06,0.000411114,3.04E-05
1.46E-06,0.000410665,3.04E-05
1.46E-06,0.000410219,3.04E-05
1.46E-06,0.000409776,3.04E-05
1.47E-06,0.000409336,3.05E-05
1.47E-06,0.000408898,3.05E-05
1.47E-06,0.000408464,3.05E-05
1.47E-06,0.000408032,3.05E-05
1.47E-06,0.000407603,3.05E-05
1.47E-06,0.000407177,3.05E-05
1.47E-06,0.000406754,3.05E-05
1.47E-06,0.000406334,3.05E-05
1.47E-06,0.000405916,3.05E-05
1.48E-06,0.000405501,3.05E-05
1.48E-06,0.00040509,3.06E-05
1.48E-06,0.00040468,3.06E-05
1.48E-06,0.000404274,3.06E-05
1.48E-06,0.000403871,3.06E-05
1.48E-06,0.00040347,3.06E-05
1.48E-06,0.000403072,3.06E-05
1.48E-06,0.000402677,3.06E-05
1.49E-06,0.000402285,3.07E-05
1.49E-06,0.000401896,3.07E-05
1.49E-06,0.000401509,3.07E-05
1.49E-06,0.000401126,3.07E-05
1.49E-06,0.000400745,3.07E-05
1.49E-06,0.000400367,3.07E-05
1.49E-06,0.000399992,3.08E-05
1.50E-06,0.000399619,3.08E-05
1.50E-06,0.00039925,3.08E-05
1.50E-06,0.000398883,3.08E-05
1.50E-06,0.000398519,3.08E-05
1.50E-06,0.000398168,3.08E-05
1.50E-06,0.000397856,3.09E-05
1.51E-06,0.000397546,3.09E-05
1.51E-06,0.000397239,3.09E-05
1.51E-06,0.000396935,3.09E-05
1.51E-06,0.000396634,3.09E-05
1.51E-06,0.000396335,3.10E-05
1.51E-06,0.00039604,3.10E-05
1.52E-06,0.000395747,3.10E-05
1.52E-06,0.000395458,3.10E-05
1.52E-06,0.000395171,3.11E-05
1.52E-06,0.000394887,3.11E-05
1.52E-06,0.000394606,3.11E-05
1.52E-06,0.000394328,3.11E-05
1.53E-06,0.000394052,3.11E-05
1.53E-06,0.00039378,3.12E-05
1.53E-06,0.00039351,3.12E-05
1.53E-06,0.000393244,3.12E-05
1.53E-06,0.00039298,3.12E-05
1.53E-06,0.000392719,3.13E-05
1.54E-06,0.000392462,3.13E-05
1.54E-06,0.000392207,3.13E-05
1.54E-06,0.000391955,3.14E-05
1.54E-06,0.000391706,3.14E-05
1.54E-06,0.00039146,3.14E-05
1.55E-06,0.000391216,3.14E-05
1.55E-06,0.000390976,3.15E-05
1.55E-06,0.000390739,3.15E-05
1.55E-06,0.000390505,3.15E-05
1.55E-06,0.000390273,3.16E-05
1.56E-06,0.000390045,3.16E-05
1.56E-06,0.00038982,3.16E-05
1.56E-06,0.000389597,3.17E-05
1.56E-06,0.000389378,3.17E-05
1.57E-06,0.000389162,3.17E-05
1.57E-06,0.000388948,3.17E-05
1.57E-06,0.000388738,3.18E-05
1.57E-06,0.000388531,3.18E-05
1.57E-06,0.000388326,3.18E-05
1.58E-06,0.000388125,3.19E-05
1.58E-06,0.000387927,3.19E-05
1.58E-06,0.000387732,3.20E-05
1.58E-06,0.00038754,3.20E-05
1.59E-06,0.000387351,3.20E-05
1.59E-06,0.000387165,3.21E-05
1.59E-06,0.000386982,3.21E-05
1.59E-06,0.000386802,3.21E-05
1.60E-06,0.000386626,3.22E-05
1.60E-06,0.000386452,3.22E-05
1.60E-06,0.000386282,3.23E-05
1.60E-06,0.000386115,3.23E-05
1.61E-06,0.000385951,3.23E-05
1.61E-06,0.00038579,3.24E-05
1.61E-06,0.000385632,3.24E-05
1.61E-06,0.000385478,3.25E-05
1.62E-06,0.000385326,3.25E-05
1.62E-06,0.000385178,3.25E-05
1.62E-06,0.000385033,3.26E-05
1.62E-06,0.000384891,3.26E-05
1.63E-06,0.000384753,3.27E-05
1.63E-06,0.000384618,3.27E-05
1.63E-06,0.000384487,3.28E-05
1.64E-06,0.000384359,3.28E-05
1.64E-06,0.000384233,3.29E-05
1.64E-06,0.000384111,3.29E-05
1.64E-06,0.000383992,3.29E-05
1.65E-06,0.000383877,3.30E-05
1.65E-06,0.000383765,3.30E-05
1.65E-06,0.000383656,3.31E-05
1.66E-06,0.000383551,3.31E-05
1.66E-06,0.000383448,3.32E-05
1.66E-06,0.00038335,3.32E-05
1.66E-06,0.000383255,3.33E-05
1.67E-06,0.000383163,3.33E-05
1.67E-06,0.000383074,3.34E-05
1.67E-06,0.000382989,3.34E-05
1.68E-06,0.000382908,3.35E-05
1.68E-06,0.00038283,3.36E-05
1.68E-06,0.000382755,3.36E-05
1.69E-06,0.000382684,3.37E-05
1.69E-06,0.000382617,3.37E-05
1.69E-06,0.000382553,3.38E-05
1.70E-06,0.000382492,3.38E-05
1.70E-06,0.000382435,3.39E-05
1.70E-06,0.000382382,3.39E-05
1.71E-06,0.000382332,3.40E-05
1.71E-06,0.000382286,3.41E-05
1.71E-06,0.000382244,3.41E-05
1.72E-06,0.000382205,3.42E-05
1.72E-06,0.00038217,3.42E-05
1.72E-06,0.000382139,3.43E-05
1.73E-06,0.000382111,3.44E-05
1.73E-06,0.000382087,3.44E-05
1.74E-06,0.000382067,3.45E-05
1.74E-06,0.000382051,3.45E-05
1.74E-06,0.000382038,3.46E-05
1.75E-06,0.000382029,3.47E-05
1.75E-06,0.000382025,3.47E-05
1.75E-06,0.000382023,3.48E-05
1.76E-06,0.000382026,3.49E-05
1.76E-06,0.000382033,3.49E-05
1.77E-06,0.000382043,3.50E-05
1.77E-06,0.000382058,3.51E-05
1.78E-06,0.000382077,3.51E-05
1.78E-06,0.000382099,3.52E-05
1.78E-06,0.000382126,3.53E-05
1.79E-06,0.000382156,3.54E-05
1.79E-06,0.000382191,3.54E-05
1.80E-06,0.000382229,3.55E-05
1.80E-06,0.000382272,3.56E-05
1.81E-06,0.000382319,3.57E-05
1.81E-06,0.00038237,3.57E-05
1.82E-06,0.000382425,3.58E-05
1.82E-06,0.000382484,3.59E-05
1.83E-06,0.000382548,3.60E-05
1.83E-06,0.000382616,3.60E-05
1.83E-06,0.000382688,3.61E-05
1.84E-06,0.000382765,3.62E-05
1.84E-06,0.000382845,3.63E-05
1.85E-06,0.000382931,3.64E-05
1.85E-06,0.00038302,3.64E-05
1.86E-06,0.000383114,3.65E-05
1.86E-06,0.000383212,3.66E-05
1.87E-06,0.000383315,3.67E-05
1.88E-06,0.000383423,3.68E-05
1.88E-06,0.000383535,3.69E-05
1.89E-06,0.000383651,3.69E-05
1.89E-06,0.000383772,3.70E-05
1.90E-06,0.000383898,3.71E-05
1.90E-06,0.000384028,3.72E-05
1.91E-06,0.000384163,3.73E-05
1.91E-06,0.000384303,3.74E-05
1.92E-06,0.000384447,3.75E-05
1.92E-06,0.000384597,3.76E-05
1.93E-06,0.000384751,3.77E-05
1.94E-06,0.00038491,3.78E-05
1.94E-06,0.000385073,3.79E-05
1.95E-06,0.000385242,3.80E-05
1.95E-06,0.000385416,3.81E-05
1.96E-06,0.000385594,3.82E-05
1.96E-06,0.000385778,3.83E-05
1.97E-06,0.000385967,3.84E-05
1.98E-06,0.000386161,3.85E-05
1.98E-06,0.00038636,3.86E-05
1.99E-06,0.000386564,3.87E-05
2.00E-06,0.000386773,3.88E-05
2.00E-06,0.000386988,3.89E-05
2.01E-06,0.000387207,3.90E-05
2.01E-06,0.000387433,3.91E-05
2.02E-06,0.000387663,3.92E-05
2.03E-06,0.000387899,3.93E-05
2.03E-06,0.00038814,3.94E-05
2.04E-06,0.000388387,3.95E-05
2.05E-06,0.00038864,3.96E-05
2.05E-06,0.000388898,3.98E-05
2.06E-06,0.000389161,3.99E-05
2.07E-06,0.00038943,4.00E-05
2.07E-06,0.000389705,4.01E-05
2.08E-06,0.000389986,4.02E-05
2.09E-06,0.000390272,4.03E-05
2.10E-06,0.000390564,4.05E-05
2.10E-06,0.000390862,4.06E-05
2.11E-06,0.000391166,4.07E-05
2.12E-06,0.000391476,4.08E-05
2.12E-06,0.000391792,4.10E-05
2.13E-06,0.000392114,4.11E-05
2.14E-06,0.000392442,4.12E-05
2.15E-06,0.000392777,4.13E-05
2.15E-06,0.000393117,4.15E-05
2.16E-06,0.000393464,4.16E-05
2.17E-06,0.000393816,4.17E-05
2.18E-06,0.000394176,4.19E-05
2.19E-06,0.000394541,4.20E-05
2.19E-06,0.000394913,4.21E-05
2.20E-06,0.000395292,4.23E-05
2.21E-06,0.000395677,4.24E-05
2.22E-06,0.000396069,4.26E-05
2.23E-06,0.000396467,4.27E-05
2.24E-06,0.000396872,4.28E-05
2.24E-06,0.000397284,4.30E-05
2.25E-06,0.000397702,4.31E-05
2.26E-06,0.000398128,4.33E-05
2.27E-06,0.00039856,4.34E-05
2.28E-06,0.000398999,4.36E-05
2.29E-06,0.000399446,4.37E-05
2.30E-06,0.000399899,4.39E-05
2.31E-06,0.000400359,4.40E-05
2.31E-06,0.000400827,4.42E-05
2.32E-06,0.000401302,4.44E-05
2.33E-06,0.000401784,4.45E-05
2.34E-06,0.000402273,4.47E-05
2.35E-06,0.00040277,4.48E-05
2.36E-06,0.000403274,4.50E-05
2.37E-06,0.000403786,4.52E-05
2.38E-06,0.000404305,4.53E-05
2.39E-06,0.000404832,4.55E-05
2.40E-06,0.000405367,4.57E-05
2.41E-06,0.000405909,4.59E-05
2.42E-06,0.000406459,4.60E-05
2.43E-06,0.000407017,4.62E-05
2.44E-06,0.000407583,4.64E-05
2.45E-06,0.000408152,4.66E-05
2.46E-06,0.000408733,4.68E-05
2.48E-06,0.000409323,4.70E-05
2.49E-06,0.000409921,4.72E-05
2.50E-06,0.000410527,4.73E-05
2.51E-06,0.000411141,4.75E-05
2.52E-06,0.000411763,4.77E-05
2.53E-06,0.000412394,4.79E-05
2.54E-06,0.000413033,4.81E-05
2.55E-06,0.00041368,4.83E-05
2.56E-06,0.000414336,4.85E-05
2.58E-06,0.000415001,4.87E-05
2.59E-06,0.000415674,4.89E-05
2.60E-06,0.000416356,4.91E-05
2.61E-06,0.000417046,4.93E-05
2.62E-06,0.000417745,4.95E-05
2.64E-06,0.000418453,4.98E-05
2.65E-06,0.000419169,5.00E-05
2.66E-06,0.000419895,5.02E-05
2.67E-06,0.000420629,5.04E-05
2.69E-06,0.000421372,5.06E-05
2.70E-06,0.000422124,5.09E-05
2.71E-06,0.000422886,5.11E-05
2.72E-06,0.000423656,5.13E-05
2.74E-06,0.000424435,5.15E-05
2.75E-06,0.000425223,5.18E-05
2.76E-06,0.000426021,5.20E-05
2.78E-06,0.000426827,5.22E-05
2.79E-06,0.000427643,5.25E-05
2.81E-06,0.000428468,5.27E-05
2.82E-06,0.000429302,5.30E-05
2.83E-06,0.000430145,5.32E-05
2.85E-06,0.000430998,5.35E-05
2.86E-06,0.000431859,5.37E-05
2.88E-06,0.00043273,5.40E-05
2.89E-06,0.00043361,5.42E-05
2.91E-06,0.0004345,5.45E-05
2.92E-06,0.000435398,5.47E-05
2.94E-06,0.000436306,5.50E-05
2.95E-06,0.000437223,5.53E-05
2.97E-06,0.000438149,5.55E-05
2.98E-06,0.000439084,5.58E-05
3.00E-06,0.000440029,5.61E-05
3.01E-06,0.000440982,5.63E-05
3.03E-06,0.000441944,5.66E-05
3.05E-06,0.000442915,5.69E-05
3.06E-06,0.000443895,5.72E-05
3.08E-06,0.000444884,5.75E-05
3.10E-06,0.000445881,5.78E-05
3.11E-06,0.000446887,5.81E-05
3.13E-06,0.000447901,5.84E-05
3.15E-06,0.000448924,5.86E-05
3.16E-06,0.000449955,5.89E-05
3.18E-06,0.000450994,5.93E-05
3.20E-06,0.000452041,5.96E-05
3.22E-06,0.000453096,5.99E-05
3.23E-06,0.000454158,6.02E-05
3.25E-06,0.000455228,6.05E-05
3.27E-06,0.000456305,6.08E-05
3.29E-06,0.00045739,6.11E-05
3.31E-06,0.000458481,6.14E-05
3.32E-06,0.000459579,6.18E-05
3.34E-06,0.000460683,6.21E-05
3.36E-06,0.000461793,6.24E-05
3.38E-06,0.000462909,6.28E-05
3.40E-06,0.00046403,6.31E-05
3.42E-06,0.000465157,6.34E-05
3.44E-06,0.000466289,6.38E-05
3.46E-06,0.000467425,6.41E-05
3.48E-06,0.000468565,6.44E-05
3.50E-06,0.000469709,6.48E-05
3.52E-06,0.000470856,6.51E-05
3.54E-06,0.000472006,6.55E-05
3.56E-06,0.000473159,6.58E-05
3.58E-06,0.000474313,6.62E-05
3.60E-06,0.000475469,6.66E-05
3.62E-06,0.000476626,6.69E-05
3.64E-06,0.000477783,6.73E-05
3.66E-06,0.000478939,6.76E-05
3.68E-06,0.000480095,6.80E-05
3.70E-06,0.000481249,6.84E-05
3.73E-06,0.000482455,6.87E-05
3.75E-06,0.000483682,6.91E-05
3.77E-06,0.000484905,6.95E-05
3.79E-06,0.000486125,6.99E-05
3.81E-06,0.00048734,7.02E-05
3.83E-06,0.00048855,7.06E-05
3.85E-06,0.000489753,7.10E-05
3.88E-06,0.000490949,7.14E-05
3.90E-06,0.000492137,7.17E-05
3.92E-06,0.000493315,7.21E-05
3.94E-06,0.000494484,7.25E-05
3.96E-06,0.000495641,7.29E-05
3.99E-06,0.000496785,7.33E-05
4.21E-06,0.000504289,7.41E-05
4.24E-06,0.000508394,7.45E-05
4.26E-06,0.000512514,7.49E-05
4.29E-06,0.000516646,7.53E-05
4.31E-06,0.000520789,7.57E-05
4.33E-06,0.000524943,7.61E-05
4.36E-06,0.000529104,7.65E-05
4.38E-06,0.000533273,7.69E-05
4.41E-06,0.000537446,7.73E-05
4.43E-06,0.000541622,7.77E-05
4.46E-06,0.000545799,7.81E-05
4.48E-06,0.000549975,7.85E-05
4.50E-06,0.000554148,7.89E-05
4.53E-06,0.000558315,7.93E-05
4.55E-06,0.000562476,7.97E-05
4.57E-06,0.000566626,8.01E-05
4.60E-06,0.000570764,8.05E-05
4.62E-06,0.000574888,8.09E-05
4.64E-06,0.000578994,8.13E-05
4.67E-06,0.00058308,8.16E-05
4.69E-06,0.000587143,8.20E-05
4.71E-06,0.000591181,8.24E-05
4.73E-06,0.00059519,8.27E-05
4.75E-06,0.000599167,8.31E-05
4.78E-06,0.000603111,8.34E-05
4.80E-06,0.000607016,8.38E-05
4.82E-06,0.000610881,8.41E-05
4.84E-06,0.000614702,8.44E-05
4.86E-06,0.000618475,8.48E-05
4.87E-06,0.000622198,8.51E-05
4.89E-06,0.000625868,8.54E-05
4.91E-06,0.00062948,8.57E-05
4.93E-06,0.000633031,8.59E-05
4.95E-06,0.000636519,8.62E-05
4.96E-06,0.00063994,8.65E-05
4.98E-06,0.00064329,8.67E-05
4.99E-06,0.000646565,8.70E-05
5.01E-06,0.000649764,8.72E-05
5.02E-06,0.000652882,8.74E-05
5.03E-06,0.000655916,8.76E-05
5.05E-06,0.000658862,8.78E-05
5.06E-06,0.000661719,8.80E-05
5.07E-06,0.000664482,8.82E-05
5.08E-06,0.000667149,8.83E-05
5.09E-06,0.000669717,8.84E-05
5.10E-06,0.000672183,8.86E-05
5.11E-06,0.000674545,8.87E-05
5.11E-06,0.000676799,8.88E-05
5.12E-06,0.000678944,8.89E-05
5.12E-06,0.000680977,8.89E-05
5.13E-06,0.000682897,8.90E-05
5.13E-06,0.0006847,8.90E-05
5.13E-06,0.000686385,8.91E-05
5.14E-06,0.000687952,8.91E-05
5.14E-06,0.000689397,8.91E-05
5.14E-06,0.000690721,8.90E-05
5.14E-06,0.000691921,8.90E-05
5.13E-06,0.000692998,8.89E-05
5.13E-06,0.00069395,8.89E-05
5.13E-06,0.000694777,8.88E-05
5.12E-06,0.000695478,8.87E-05
5.12E-06,0.000696055,8.86E-05
5.11E-06,0.000696505,8.84E-05
5.10E-06,0.000696831,8.83E-05
5.10E-06,0.000697032,8.81E-05
5.09E-06,0.00069711,8.80E-05
5.08E-06,0.000697065,8.78E-05
5.07E-06,0.000696898,8.76E-05
5.06E-06,0.00069661,8.73E-05
5.04E-06,0.000696203,8.71E-05
5.03E-06,0.000695679,8.69E-05
5.02E-06,0.000695039,8.66E-05
5.00E-06,0.000694285,8.63E-05
4.99E-06,0.000693419,8.61E-05
4.97E-06,0.000692443,8.58E-05
4.95E-06,0.000691361,8.54E-05
4.94E-06,0.000690173,8.51E-05
4.92E-06,0.000688883,8.48E-05
4.90E-06,0.000687492,8.45E-05
4.88E-06,0.000686005,8.41E-05
4.86E-06,0.000684424,8.37E-05
4.84E-06,0.000682751,8.34E-05
4.82E-06,0.000680989,8.30E-05
4.80E-06,0.000679142,8.26E-05
4.78E-06,0.000677212,8.22E-05
4.75E-06,0.000675202,8.18E-05
4.73E-06,0.000673116,8.14E-05
4.71E-06,0.000670957,8.10E-05
4.68E-06,0.000668726,8.05E-05
4.66E-06,0.000666429,8.01E-05
4.63E-06,0.000664067,7.97E-05
4.61E-06,0.000661643,7.92E-05
4.58E-06,0.000659162,7.88E-05
4.56E-06,0.000656625,7.83E-05
4.53E-06,0.000654035,7.79E-05
4.51E-06,0.000651396,7.74E-05
4.48E-06,0.000648711,7.69E-05
4.46E-06,0.000645981,7.65E-05
4.43E-06,0.000643211,7.60E-05
4.40E-06,0.000640402,7.55E-05
4.37E-06,0.000637557,7.50E-05
4.35E-06,0.000634679,7.46E-05
4.32E-06,0.000631771,7.41E-05
4.29E-06,0.000628835,7.36E-05
4.27E-06,0.000625872,7.31E-05
4.24E-06,0.000622886,7.26E-05
4.21E-06,0.000619879,7.21E-05
4.18E-06,0.000616853,7.17E-05
4.16E-06,0.00061381,7.12E-05
4.13E-06,0.000610752,7.07E-05
4.10E-06,0.000607682,7.02E-05
4.08E-06,0.0006046,6.97E-05
4.05E-06,0.000601509,6.93E-05
4.02E-06,0.00059841,6.88E-05
3.99E-06,0.000595306,6.83E-05
3.97E-06,0.000592197,6.78E-05
3.94E-06,0.000589086,6.73E-05
3.91E-06,0.000585974,6.69E-05
3.89E-06,0.000582861,6.64E-05
3.86E-06,0.000579751,6.59E-05
3.83E-06,0.000576643,6.54E-05
3.81E-06,0.00057354,6.50E-05
3.78E-06,0.000570441,6.45E-05
3.75E-06,0.000567349,6.41E-05
3.73E-06,0.000564265,6.36E-05
3.70E-06,0.000561189,6.31E-05
3.67E-06,0.000558122,6.27E-05
3.65E-06,0.000555066,6.22E-05
3.62E-06,0.00055202,6.18E-05
3.60E-06,0.000548987,6.13E-05
3.57E-06,0.000545966,6.09E-05
3.55E-06,0.000542958,6.05E-05
3.52E-06,0.000539965,6.00E-05
3.50E-06,0.000536986,5.96E-05
3.47E-06,0.000534022,5.92E-05
3.45E-06,0.000531074,5.87E-05
3.43E-06,0.000528142,5.83E-05
3.40E-06,0.000525227,5.79E-05
3.38E-06,0.000522329,5.75E-05
3.35E-06,0.000519448,5.71E-05
3.33E-06,0.000516586,5.67E-05
3.31E-06,0.000513741,5.63E-05
3.29E-06,0.000510915,5.59E-05
3.26E-06,0.000508108,5.55E-05
3.24E-06,0.00050532,5.51E-05
3.22E-06,0.000502551,5.47E-05
3.20E-06,0.000499802,5.43E-05
3.18E-06,0.000497072,5.39E-05
3.16E-06,0.000494362,5.35E-05
3.13E-06,0.000491673,5.32E-05
3.11E-06,0.000489003,5.28E-05
3.09E-06,0.000486353,5.24E-05
3.07E-06,0.000483724,5.20E-05
3.05E-06,0.000481115,5.17E-05
3.03E-06,0.000478527,5.13E-05
3.01E-06,0.000475959,5.10E-05
2.99E-06,0.000473411,5.06E-05
2.97E-06,0.000470884,5.03E-05
2.95E-06,0.000468378,4.99E-05
2.93E-06,0.000465892,4.96E-05
2.91E-06,0.000463426,4.92E-05
2.90E-06,0.000460981,4.89E-05
2.88E-06,0.000458556,4.86E-05
2.86E-06,0.000456151,4.82E-05
2.84E-06,0.000453767,4.79E-05
2.82E-06,0.000451403,4.76E-05
2.80E-06,0.000449059,4.73E-05
2.79E-06,0.000446735,4.70E-05
2.77E-06,0.000444432,4.67E-05
2.75E-06,0.000442147,4.63E-05
2.73E-06,0.000439883,4.60E-05
2.72E-06,0.000437638,4.57E-05
2.70E-06,0.000435413,4.54E-05
2.68E-06,0.000433208,4.51E-05
2.67E-06,0.000431021,4.48E-05
2.65E-06,0.000428854,4.46E-05
2.63E-06,0.000426705,4.43E-05
2.62E-06,0.000424576,4.40E-05
2.60E-06,0.000422465,4.37E-05
2.59E-06,0.000420373,4.34E-05
2.57E-06,0.0004183,4.31E-05
2.56E-06,0.000416244,4.29E-05
2.54E-06,0.000414207,4.26E-05
2.53E-06,0.000412188,4.23E-05
2.51E-06,0.000410187,4.21E-05
2.50E-06,0.000408204,4.18E-05
2.48E-06,0.000406238,4.15E-05
2.47E-06,0.00040429,4.13E-05
2.45E-06,0.000402358,4.10E-05
2.44E-06,0.000400445,4.08E-05
2.42E-06,0.000398547,4.05E-05
2.41E-06,0.000396667,4.03E-05
2.40E-06,0.000394804,4.00E-05
2.38E-06,0.000392957,3.98E-05
2.37E-06,0.000391126,3.96E-05
2.35E-06,0.000389311,3.93E-05
2.34E-06,0.000387513,3.91E-05
2.33E-06,0.00038573,3.88E-05
2.32E-06,0.000383963,3.86E-05
2.30E-06,0.000382212,3.84E-05
2.29E-06,0.000380476,3.82E-05
2.28E-06,0.000378755,3.79E-05
2.26E-06,0.00037705,3.77E-05
2.25E-06,0.000375359,3.75E-05
2.24E-06,0.000373683,3.73E-05
2.23E-06,0.000372022,3.71E-05
2.22E-06,0.000370375,3.69E-05
2.20E-06,0.000368743,3.66E-05
2.19E-06,0.000367125,3.64E-05
2.18E-06,0.000365521,3.62E-05
2.17E-06,0.00036393,3.60E-05
2.16E-06,0.000362354,3.58E-05
2.15E-06,0.000360791,3.56E-05
2.13E-06,0.000359241,3.54E-05
2.12E-06,0.000357705,3.52E-05
2.11E-06,0.000356182,3.50E-05
2.10E-06,0.000354672,3.48E-05
2.09E-06,0.000353175,3.46E-05
2.08E-06,0.000351691,3.45E-05
2.07E-06,0.000350219,3.43E-05
2.06E-06,0.00034876,3.41E-05
2.05E-06,0.000347313,3.39E-05
2.04E-06,0.000345879,3.37E-05
2.03E-06,0.000344456,3.35E-05
2.02E-06,0.000343046,3.34E-05
2.01E-06,0.000341647,3.32E-05
2.00E-06,0.00034026,3.30E-05
1.99E-06,0.000338885,3.28E-05
1.98E-06,0.000337521,3.27E-05
1.97E-06,0.000336168,3.25E-05
1.96E-06,0.000334826,3.23E-05
1.95E-06,0.000333496,3.22E-05
1.94E-06,0.000332177,3.20E-05
1.93E-06,0.000330868,3.18E-05
1.92E-06,0.00032957,3.17E-05
1.91E-06,0.000328283,3.15E-05
1.90E-06,0.000327006,3.13E-05
1.89E-06,0.00032574,3.12E-05
1.88E-06,0.000324483,3.10E-05
1.87E-06,0.000323238,3.09E-05
1.87E-06,0.000322002,3.07E-05
1.86E-06,0.000320776,3.06E-05
1.85E-06,0.000319559,3.04E-05
1.84E-06,0.000318353,3.03E-05
1.83E-06,0.000317156,3.01E-05
1.82E-06,0.000315969,3.00E-05
1.81E-06,0.000314791,2.98E-05
1.81E-06,0.000313622,2.97E-05
1.80E-06,0.000312463,2.95E-05
1.79E-06,0.000311313,2.94E-05
1.78E-06,0.000310171,2.93E-05
1.77E-06,0.000309039,2.91E-05
1.77E-06,0.000307916,2.90E-05
1.76E-06,0.000306801,2.88E-05
1.75E-06,0.000305695,2.87E-05
1.74E-06,0.000304597,2.86E-05
1.74E-06,0.000303508,2.84E-05
1.73E-06,0.000302427,2.83E-05
1.72E-06,0.000301355,2.82E-05
1.71E-06,0.00030029,2.80E-05
1.71E-06,0.000299234,2.79E-05
1.70E-06,0.000298186,2.78E-05
1.69E-06,0.000297146,2.77E-05
1.68E-06,0.000296113,2.75E-05
1.68E-06,0.000295088,2.74E-05
1.67E-06,0.000294071,2.73E-05
1.66E-06,0.000293062,2.72E-05
1.66E-06,0.00029206,2.70E-05
1.65E-06,0.000291066,2.69E-05
1.64E-06,0.000290079,2.68E-05
1.63E-06,0.000289099,2.67E-05
1.63E-06,0.000288126,2.66E-05
1.62E-06,0.000287161,2.64E-05
1.61E-06,0.000286203,2.63E-05
1.61E-06,0.000285251,2.62E-05
1.60E-06,0.000284307,2.61E-05
1.60E-06,0.000283369,2.60E-05
1.59E-06,0.000282438,2.59E-05
1.58E-06,0.000281514,2.58E-05
1.58E-06,0.000280597,2.57E-05
1.57E-06,0.000279686,2.55E-05
1.56E-06,0.000278782,2.54E-05
1.56E-06,0.000277884,2.53E-05
1.55E-06,0.000276992,2.52E-05
1.55E-06,0.000276107,2.51E-05
1.54E-06,0.000275228,2.50E-05
1.53E-06,0.000274355,2.49E-05
1.53E-06,0.000273488,2.48E-05
1.52E-06,0.000272628,2.47E-05
1.52E-06,0.000271773,2.46E-05
1.51E-06,0.000270924,2.45E-05
1.50E-06,0.000270081,2.44E-05
1.50E-06,0.000269244,2.43E-05
1.49E-06,0.000268413,2.42E-05
1.49E-06,0.000267588,2.41E-05
1.48E-06,0.000266768,2.40E-05
1.48E-06,0.000265954,2.39E-05
1.47E-06,0.000265145,2.38E-05
1.46E-06,0.000264342,2.37E-05
1.46E-06,0.000263544,2.36E-05
1.45E-06,0.000262751,2.35E-05
1.45E-06,0.000261964,2.34E-05
1.44E-06,0.000261182,2.34E-05
1.44E-06,0.000260406,2.33E-05
1.43E-06,0.000259634,2.32E-05
1.43E-06,0.000258868,2.31E-05
1.42E-06,0.000258107,2.30E-05
1.42E-06,0.000257351,2.29E-05
1.41E-06,0.0002566,2.28E-05
1.41E-06,0.000255853,2.27E-05
1.40E-06,0.000255112,2.26E-05
1.40E-06,0.000254375,2.26E-05
1.39E-06,0.000253644,2.25E-05
1.39E-06,0.000252917,2.24E-05
1.38E-06,0.000252194,2.23E-05
1.38E-06,0.000251477,2.22E-05
1.37E-06,0.000250764,2.21E-05
1.37E-06,0.000250055,2.21E-05
1.36E-06,0.000249351,2.20E-05
1.36E-06,0.000248652,2.19E-05
1.36E-06,0.000247957,2.18E-05
1.35E-06,0.000247266,2.17E-05
1.35E-06,0.00024658,2.17E-05
1.34E-06,0.000245898,2.16E-05
1.34E-06,0.000245221,2.15E-05
1.33E-06,0.000244547,2.14E-05
1.33E-06,0.000243878,2.14E-05
1.32E-06,0.000243213,2.13E-05
1.32E-06,0.000242552,2.12E-05
1.32E-06,0.000241895,2.11E-05
1.31E-06,0.000241243,2.11E-05
1.31E-06,0.000240594,2.10E-05
1.30E-06,0.000239949,2.09E-05
1.30E-06,0.000239309,2.08E-05
1.29E-06,0.000238672,2.08E-05
1.29E-06,0.000238039,2.07E-05
1.29E-06,0.00023741,2.06E-05
1.28E-06,0.000236784,2.05E-05
1.28E-06,0.000236163,2.05E-05
1.27E-06,0.000235545,2.04E-05
1.27E-06,0.000234931,2.03E-05
1.27E-06,0.00023432,2.03E-05
1.26E-06,0.000233714,2.02E-05
1.26E-06,0.000233111,2.01E-05
1.25E-06,0.000232511,2.01E-05
1.25E-06,0.000231915,2.00E-05
1.25E-06,0.000231322,1.99E-05
1.24E-06,0.000230733,1.99E-05
1.24E-06,0.000230148,1.98E-05
1.23E-06,0.000229566,1.97E-05
1.23E-06,0.000228987,1.97E-05
1.23E-06,0.000228411,1.96E-05
1.22E-06,0.000227839,1.95E-05
1.22E-06,0.000227271,1.95E-05
1.22E-06,0.000226705,1.94E-05
1.21E-06,0.000226143,1.94E-05
1.21E-06,0.000225584,1.93E-05
1.21E-06,0.000225028,1.92E-05
1.20E-06,0.000224476,1.92E-05
1.20E-06,0.000223926,1.91E-05
1.19E-06,0.00022338,1.90E-05
1.19E-06,0.000222837,1.90E-05
1.19E-06,0.000222297,1.89E-05
1.18E-06,0.000221759,1.89E-05
1.18E-06,0.000221225,1.88E-05
1.18E-06,0.000220694,1.87E-05
1.17E-06,0.000220166,1.87E-05
1.17E-06,0.000219641,1.86E-05
1.17E-06,0.000219119,1.86E-05
1.16E-06,0.000218599,1.85E-05
1.16E-06,0.000218083,1.85E-05
1.16E-06,0.000217569,1.84E-05
1.15E-06,0.000217058,1.84E-05
1.15E-06,0.00021655,1.83E-05
1.15E-06,0.000216045,1.82E-05
1.14E-06,0.000215542,1.82E-05
1.14E-06,0.000215043,1.81E-05
1.14E-06,0.000214546,1.81E-05
1.14E-06,0.000214051,1.80E-05
1.13E-06,0.000213559,1.80E-05
1.13E-06,0.00021307,1.79E-05
1.13E-06,0.000212584,1.79E-05
1.12E-06,0.0002121,1.78E-05
1.12E-06,0.000211619,1.78E-05
1.12E-06,0.00021114,1.77E-05
1.11E-06,0.000210664,1.77E-05
1.11E-06,0.000210191,1.76E-05
1.11E-06,0.00020972,1.76E-05
1.11E-06,0.000209251,1.75E-05
1.10E-06,0.000208785,1.75E-05
1.10E-06,0.000208321,1.74E-05
1.10E-06,0.00020786,1.74E-05
1.09E-06,0.000207401,1.73E-05
1.09E-06,0.000206945,1.73E-05
1.09E-06,0.00020649,1.72E-05
1.09E-06,0.000206039,1.72E-05
1.08E-06,0.000205589,1.71E-05
1.08E-06,0.000205142,1.71E-05
1.08E-06,0.000204698,1.70E-05
1.07E-06,0.000204255,1.70E-05
1.07E-06,0.000203815,1.69E-05
1.07E-06,0.000203377,1.69E-05
1.07E-06,0.000202941,1.68E-05
1.06E-06,0.000202508,1.68E-05
1.06E-06,0.000202076,1.67E-05
1.06E-06,0.000201647,1.67E-05
1.06E-06,0.00020122,1.67E-05
1.05E-06,0.000200795,1.66E-05
1.05E-06,0.000200373,1.66E-05
1.05E-06,0.000199952,1.65E-05
1.04E-06,0.000199534,1.65E-05
1.04E-06,0.000199117,1.64E-05
1.04E-06,0.000198703,1.64E-05
1.04E-06,0.000198291,1.63E-05
1.03E-06,0.000197881,1.63E-05
1.03E-06,0.000197472,1.63E-05
1.03E-06,0.000197066,1.62E-05
1.03E-06,0.000196662,1.62E-05
1.02E-06,0.00019626,1.61E-05
1.02E-06,0.00019586,1.61E-05
1.02E-06,0.000195461,1.60E-05
1.02E-06,0.000195065,1.60E-05
1.02E-06,0.000194671,1.60E-05
1.01E-06,0.000194278,1.59E-05
1.01E-06,0.000193888,1.59E-05
1.01E-06,0.000193499,1.58E-05
1.01E-06,0.000193112,1.58E-05
1.00E-06,0.000192727,1.58E-05
1.00E-06,0.000192344,1.57E-05
9.99E-07,0.000191963,1.57E-05
9.97E-07,0.000191583,1.56E-05
9.94E-07,0.000191206,1.56E-05
9.92E-07,0.00019083,1.56E-05
9.90E-07,0.000190456,1.55E-05
9.88E-07,0.000190083,1.55E-05
9.85E-07,0.000189713,1.55E-05
9.83E-07,0.000189344,1.54E-05
9.81E-07,0.000188977,1.54E-05
9.79E-07,0.000188612,1.53E-05
9.77E-07,0.000188248,1.53E-05
9.74E-07,0.000187886,1.53E-05
9.72E-07,0.000187526,1.52E-05
9.70E-07,0.000187167,1.52E-05
9.68E-07,0.00018681,1.52E-05
9.66E-07,0.000186455,1.51E-05
9.64E-07,0.000186101,1.51E-05
9.62E-07,0.00018575,1.51E-05
9.60E-07,0.000185399,1.50E-05
9.58E-07,0.00018505,1.50E-05
9.56E-07,0.000184703,1.49E-05
9.54E-07,0.000184358,1.49E-05
9.52E-07,0.000184014,1.49E-05
9.50E-07,0.000183671,1.48E-05
9.48E-07,0.00018333,1.48E-05
9.46E-07,0.000182991,1.48E-05
9.44E-07,0.000182653,1.47E-05
9.42E-07,0.000182317,1.47E-05
9.40E-07,0.000181982,1.47E-05
9.38E-07,0.000181649,1.46E-05
9.36E-07,0.000181317,1.46E-05
9.34E-07,0.000180987,1.46E-05
9.32E-07,0.000180658,1.45E-05
9.30E-07,0.000180331,1.45E-05
9.28E-07,0.000180005,1.45E-05
9.26E-07,0.00017968,1.44E-05
9.24E-07,0.000179357,1.44E-05
9.22E-07,0.000179036,1.44E-05
9.21E-07,0.000178716,1.44E-05
9.19E-07,0.000178397,1.43E-05
9.17E-07,0.00017808,1.43E-05
9.15E-07,0.000177764,1.43E-05
9.13E-07,0.000177449,1.42E-05
9.11E-07,0.000177136,1.42E-05
9.10E-07,0.000176824,1.42E-05
9.08E-07,0.000176514,1.41E-05
9.06E-07,0.000176204,1.41E-05
9.04E-07,0.000175897,1.41E-05
9.03E-07,0.00017559,1.40E-05
9.01E-07,0.000175285,1.40E-05
8.99E-07,0.000174981,1.40E-05
8.97E-07,0.000174679,1.40E-05
8.96E-07,0.000174378,1.39E-05
8.94E-07,0.000174078,1.39E-05
8.92E-07,0.000173779,1.39E-05
8.90E-07,0.000173482,1.38E-05
8.89E-07,0.000173186,1.38E-05
8.87E-07,0.000172891,1.38E-05
8.85E-07,0.000172597,1.38E-05
8.84E-07,0.000172305,1.37E-05
8.82E-07,0.000172014,1.37E-05
8.80E-07,0.000171724,1.37E-05
8.79E-07,0.000171435,1.36E-05
8.77E-07,0.000171148,1.36E-05
8.76E-07,0.000170862,1.36E-05
8.74E-07,0.000170576,1.36E-05
8.72E-07,0.000170293,1.35E-05
8.71E-07,0.00017001,1.35E-05
8.69E-07,0.000169729,1.35E-05
8.68E-07,0.000169448,1.35E-05
8.66E-07,0.000169169,1.34E-05
8.65E-07,0.000168891,1.34E-05
8.63E-07,0.000168614,1.34E-05
8.61E-07,0.000168339,1.34E-05
8.60E-07,0.000168064,1.33E-05
8.58E-07,0.000167791,1.33E-05
8.57E-07,0.000167518,1.33E-05
8.55E-07,0.000167247,1.32E-05
8.54E-07,0.000166977,1.32E-05
8.52E-07,0.000166708,1.32E-05
8.51E-07,0.00016644,1.32E-05
8.49E-07,0.000166173,1.31E-05
8.48E-07,0.000165908,1.31E-05
8.46E-07,0.000165643,1.31E-05
8.45E-07,0.00016538,1.31E-05
8.44E-07,0.000165117,1.30E-05